{"cameraMode":{"drawMode":0,"name":"Shaded","section":"Shading Mode"},"sceneLighting":false,"audioPlay":false,"sceneViewState":{"m_AlwaysRefresh":false,"showFog":true,"showSkybox":false,"showFlares":true,"showImageEffects":true,"showParticleSystems":true,"showVisualEffectGraphs":true,"m_FxEnabled":true},"in2DMode":false,"pivot":{"x":-7.113757610321045,"y":5.024179458618164,"z":0.2630546987056732},"rotation":{"x":0.18166790902614594,"y":0.6903839707374573,"z":-0.18572460114955903,"w":0.6752468347549439},"size":0.32623958587646487,"orthographic":false}